ComplianceResourceId,ComplianceType,Annotation,OrderingTimestamp
arn:aws:iam::017608207428:role/service-role/AmazonSageMakerServiceCatalogProductsCodeBuildRole,NOT_APPLICABLE,"AmazonSageMakerServiceCatalogProductsCodeBuildServiceRolePolicy : operation error AccessAnalyzer: CheckAccessNotGranted, https response error StatusCode: 400, RequestID: 1568b260-4486-4f44-b0cf-1c633714d9d1, ValidationException: The size of the policy in policyDocument, excluding whitespace, exceeds the 10000 character maximum for IDENTITY_POLICY.",2023-12-20T20:32:07Z
arn:aws:iam::033197602013:role/aws-controltower-ReadOnlyExecutionRole,NOT_APPLICABLE,"ReadOnlyAccess : operation error AccessAnalyzer: CheckAccessNotGranted, https response error StatusCode: 400, RequestID: 800ba245-fe2f-458e-81ef-3930bbf8cd0f, ValidationException: The size of the policy in policyDocument, including whitespace, exceeds the 32000 character maximum for IDENTITY_POLICY.",2023-12-20T20:32:07Z
arn:aws:iam::017608207428:role/service-role/AmazonSageMakerServiceCatalogProductsExecutionRole,NOT_APPLICABLE,"AmazonSageMakerFullAccess : operation error AccessAnalyzer: CheckAccessNotGranted, https response error StatusCode: 400, RequestID: 3fd4c84d-2337-4747-9d8a-06ab93db04fb, ValidationException: The size of the policy in policyDocument, excluding whitespace, exceeds the 10000 character maximum for IDENTITY_POLICY.",2023-12-20T20:32:07Z
arn:aws:iam::017608207428:role/service-role/AmazonSageMakerServiceCatalogProductsLambdaRole,NOT_APPLICABLE,"AmazonSageMakerServiceCatalogProductsLambdaServiceRolePolicy : operation error AccessAnalyzer: CheckAccessNotGranted, https response error StatusCode: 400, RequestID: 8b905542-6b52-4229-9973-73f169021a0d, ValidationException: The size of the policy in policyDocument, excluding whitespace, exceeds the 10000 character maximum for IDENTITY_POLICY.",2023-12-20T20:32:07Z
arn:aws:iam::033197602013:role/AwsSecurityAudit,NOT_APPLICABLE,"SecurityAudit : operation error AccessAnalyzer: CheckAccessNotGranted, https response error StatusCode: 400, RequestID: 531af7e4-87b0-44a0-909c-e52691d88d43, ValidationException: The size of the policy in policyDocument, excluding whitespace, exceeds the 10000 character maximum for IDENTITY_POLICY.",2023-12-20T20:32:07Z
arn:aws:iam::033197602013:role/aws-service-role/guardduty.amazonaws.com/AWSServiceRoleForAmazonGuardDuty,NOT_APPLICABLE,"AmazonGuardDutyServiceRolePolicy : operation error AccessAnalyzer: CheckAccessNotGranted, https response error StatusCode: 400, RequestID: 055e61c6-5489-452b-88aa-6f61c92dd904, InvalidParameterException: A parameter specified in the request is not valid, is unsupported, or cannot be used.",2023-12-20T20:32:07Z
arn:aws:iam::033197602013:role/aws-service-role/support.amazonaws.com/AWSServiceRoleForSupport,NOT_APPLICABLE,"AWSSupportServiceRolePolicy : operation error AccessAnalyzer: CheckAccessNotGranted, https response error StatusCode: 400, RequestID: dbd5267d-0e73-42aa-93e3-a960d4cd5b2c, ValidationException: The size of the policy in policyDocument, including whitespace, exceeds the 32000 character maximum for IDENTITY_POLICY.",2023-12-20T20:32:07Z
arn:aws:iam::017608207428:role/AwsSecurityAudit,NOT_APPLICABLE,"SecurityAudit : operation error AccessAnalyzer: CheckAccessNotGranted, https response error StatusCode: 400, RequestID: a6759129-b734-4ded-b50a-570c2fb58f63, ValidationException: The size of the policy in policyDocument, excluding whitespace, exceeds the 10000 character maximum for IDENTITY_POLICY.",2023-12-20T20:32:07Z
arn:aws:iam::017608207428:role/aws-service-role/guardduty.amazonaws.com/AWSServiceRoleForAmazonGuardDuty,NOT_APPLICABLE,"AmazonGuardDutyServiceRolePolicy : operation error AccessAnalyzer: CheckAccessNotGranted, https response error StatusCode: 400, RequestID: f4235392-3ee2-4032-9004-9c568d62c2d5, InvalidParameterException: A parameter specified in the request is not valid, is unsupported, or cannot be used.",2023-12-20T20:32:07Z
arn:aws:iam::033197602013:role/cdk-hnb659fds-lookup-role-033197602013-us-east-1,NOT_APPLICABLE,"LookupRolePolicy : operation error AccessAnalyzer: CheckAccessNotGranted, https response error StatusCode: 400, RequestID: 8334379e-c67a-48e7-8e80-f9fa7cedcdfe, InvalidParameterException: You must include at least one allow statement for analysis.
ReadOnlyAccess : operation error AccessAnalyzer: CheckAccessNotGranted, https response error StatusCode: 400, RequestID: bd2bb5fb-8db7-48cb-866d-e4d7fa2e6bd5, ValidationException: The size of the policy in policyDocument, including whitespace, exceeds the 32000 character maximum for IDENTITY_POLICY.",2023-12-20T20:32:07Z
arn:aws:iam::017608207428:role/aws-service-role/support.amazonaws.com/AWSServiceRoleForSupport,NOT_APPLICABLE,"AWSSupportServiceRolePolicy : operation error AccessAnalyzer: CheckAccessNotGranted, https response error StatusCode: 400, RequestID: b8afea6f-1b51-4dfb-baf1-29d58a982571, ValidationException: The size of the policy in policyDocument, including whitespace, exceeds the 32000 character maximum for IDENTITY_POLICY.",2023-12-20T20:32:07Z
arn:aws:iam::017608207428:role/AWSVAPTAudit,NOT_APPLICABLE,"SecurityAudit : operation error AccessAnalyzer: CheckAccessNotGranted, https response error StatusCode: 400, RequestID: a06f20e3-59b4-4b40-8340-a4296288e6cd, ValidationException: The size of the policy in policyDocument, excluding whitespace, exceeds the 10000 character maximum for IDENTITY_POLICY.",2023-12-20T20:32:07Z
arn:aws:iam::033197602013:role/InternalAuditInternal,NOT_APPLICABLE,"SecurityAudit : operation error AccessAnalyzer: CheckAccessNotGranted, https response error StatusCode: 400, RequestID: 1a7a9864-d664-4aa6-a1b4-b5cf938a945d, ValidationException: The size of the policy in policyDocument, excluding whitespace, exceeds the 10000 character maximum for IDENTITY_POLICY.",2023-12-20T20:32:07Z
arn:aws:iam::017608207428:role/InternalAuditInternal,NOT_APPLICABLE,"SecurityAudit : operation error AccessAnalyzer: CheckAccessNotGranted, https response error StatusCode: 400, RequestID: 0db5f170-b97c-441c-bd18-18332ce94215, ValidationException: The size of the policy in policyDocument, excluding whitespace, exceeds the 10000 character maximum for IDENTITY_POLICY.",2023-12-20T20:32:07Z
arn:aws:iam::033197602013:role/XenaAuditorRole-DO-NOT-DELETE,NOT_APPLICABLE,"SecurityAudit : operation error AccessAnalyzer: CheckAccessNotGranted, https response error StatusCode: 400, RequestID: 52e902af-db20-4948-861c-c7022d7a607d, ValidationException: The size of the policy in policyDocument, excluding whitespace, exceeds the 10000 character maximum for IDENTITY_POLICY.",2023-12-20T20:32:07Z
arn:aws:iam::017608207428:role/XenaAuditorRole-DO-NOT-DELETE,NOT_APPLICABLE,"SecurityAudit : operation error AccessAnalyzer: CheckAccessNotGranted, https response error StatusCode: 400, RequestID: e7102b54-52f4-4684-a04c-6e8c52c9b911, ValidationException: The size of the policy in policyDocument, excluding whitespace, exceeds the 10000 character maximum for IDENTITY_POLICY.",2023-12-20T20:32:07Z
arn:aws:iam::033197602013:user/logadmin,NON_COMPLIANT,"ShadowTrooperDenyAll : operation error AccessAnalyzer: CheckAccessNotGranted, https response error StatusCode: 400, RequestID: d91b693a-5356-42a9-87ff-2c673daf59a4, InvalidParameterException: You must include at least one allow statement for analysis.
AdministratorAccess : One or more of the listed actions in the statement with index: 0.",2023-12-20T20:32:07Z
arn:aws:iam::017608207428:role/admin,NON_COMPLIANT,AdministratorAccess : One or more of the listed actions in the statement with index: 0.,2023-12-20T20:32:07Z
arn:aws:iam::017608207428:user/slackacct1admin,NON_COMPLIANT,AdministratorAccess : One or more of the listed actions in the statement with index: 0.,2023-12-20T20:32:07Z
arn:aws:iam::033197602013:role/Admin,NON_COMPLIANT,AdministratorAccess : One or more of the listed actions in the statement with index: 0.,2023-12-20T20:32:07Z
arn:aws:iam::017608207428:role/service-role/AmazonSageMaker-ExecutionRole-20230123T180004,NON_COMPLIANT,"AmazonSageMaker-ExecutionPolicy-20230123T180004 : One or more of the listed actions in the statement with index: 1.
AmazonSageMakerFullAccess : operation error AccessAnalyzer: CheckAccessNotGranted, https response error StatusCode: 400, RequestID: 77cab806-0406-4277-9cb9-05548e7ab313, ValidationException: The size of the policy in policyDocument, excluding whitespace, exceeds the 10000 character maximum for IDENTITY_POLICY.
AmazonSageMakerCanvasFullAccess : One or more of the listed actions in the statement with sid: S3Operations.",2023-12-20T20:32:07Z
arn:aws:iam::033197602013:role/aws-controltower-AdministratorExecutionRole,NON_COMPLIANT,AdministratorAccess : One or more of the listed actions in the statement with index: 0.,2023-12-20T20:32:07Z
arn:aws:iam::017608207428:role/service-role/AmazonSagemakerCanvasForecastRole-batman-1674514753336,NON_COMPLIANT,AmazonSageMakerCanvasForecastAccess : One or more of the listed actions in the statement with index: 0.,2023-12-20T20:32:07Z
arn:aws:iam::033197602013:role/aws-controltower-ConfigRecorderRole,NON_COMPLIANT,"ReadOnlyAccess : operation error AccessAnalyzer: CheckAccessNotGranted, https response error StatusCode: 400, RequestID: b8f76347-8d00-4505-95fc-a7842ea7cb57, ValidationException: The size of the policy in policyDocument, including whitespace, exceeds the 32000 character maximum for IDENTITY_POLICY.
AWSConfigRole : One or more of the listed actions in the statement with index: 0.",2023-12-20T20:32:07Z
arn:aws:iam::017608207428:role/service-role/AmazonSageMakerServiceCatalogProductsCodePipelineRole,NON_COMPLIANT,AmazonSageMakerServiceCatalogProductsCodePipelineServiceRolePolicy : One or more of the listed actions in the statement with index: 1.,2023-12-20T20:32:07Z
arn:aws:iam::017608207428:role/service-role/AmazonSageMakerServiceCatalogProductsGlueRole,NON_COMPLIANT,AmazonSageMakerServiceCatalogProductsGlueServiceRolePolicy : One or more of the listed actions in the statement with index: 2.,2023-12-20T20:32:07Z
arn:aws:iam::033197602013:role/aws-perspective-033197602013-us-east-1-NeptuneRole-15KZHPXN8X1A3,NON_COMPLIANT,aws-perspective-033197602013-us-east-1-NeptuneStack-ID5H8BD5EUW7-NeptuneS3Policy-1DF2A530S4PSS : One or more of the listed actions in the statement with sid: AllowNeptuneAccessToS3.,2023-12-20T20:32:07Z
arn:aws:iam::017608207428:role/service-role/AmazonSageMakerServiceCatalogProductsLaunchRole,NON_COMPLIANT,AmazonSageMakerAdmin-ServiceCatalogProductsServiceRolePolicy : One or more of the listed actions in the statement with index: 22.,2023-12-20T20:32:07Z
arn:aws:iam::017608207428:role/service-role/AmazonSageMakerServiceCatalogProductsUseRole,NON_COMPLIANT,AmazonSageMakerServiceCatalogProductsUseRole-20230123T180128 : One or more of the listed actions in the statement with index: 12.,2023-12-20T20:32:07Z
arn:aws:iam::033197602013:role/AWSControlTowerExecution,NON_COMPLIANT,AdministratorAccess : One or more of the listed actions in the statement with index: 0.,2023-12-20T20:32:07Z
arn:aws:iam::033197602013:role/aws-reserved/sso.amazonaws.com/AWSReservedSSO_AWSAdministratorAccess_dd0e28375dfcd290,NON_COMPLIANT,AdministratorAccess : One or more of the listed actions in the statement with index: 0.,2023-12-20T20:32:07Z
arn:aws:iam::017608207428:role/service-role/app_stage_transformer-role-f7xcxa94,NON_COMPLIANT,"AmazonEC2ReadOnlyAccess : One or more of the listed actions in the statement with index: 0.
AmazonS3FullAccess : One or more of the listed actions in the statement with index: 0.",2023-12-20T20:32:07Z
arn:aws:iam::033197602013:role/aws-reserved/sso.amazonaws.com/AWSReservedSSO_AWSPowerUserAccess_82326cdd1aa1f1e6,NON_COMPLIANT,PowerUserAccess : One or more of the listed actions in the statement with index: 0.,2023-12-20T20:32:07Z
arn:aws:iam::033197602013:role/aws-reserved/sso.amazonaws.com/AWSReservedSSO_AWSReadOnlyAccess_0f0e6d6940ac93f1,NON_COMPLIANT,ViewOnlyAccess : One or more of the listed actions in the statement with index: 0.,2023-12-20T20:32:07Z
arn:aws:iam::017608207428:role/service-role/aws-quicksight-service-role-v0,NON_COMPLIANT,"AWSQuickSightS3Policy : One or more of the listed actions in the statement with index: 2.
AWSQuicksightAthenaAccess : One or more of the listed actions in the statement with index: 2.",2023-12-20T20:32:07Z
arn:aws:iam::017608207428:role/service-role/AWSGlueServiceRole-completescv,NON_COMPLIANT,"AWSGlueServiceRole-completescv-EZCRC-s3Policy : One or more of the listed actions in the statement with index: 0.
AWSGlueServiceRole : One or more of the listed actions in the statement with index: 2.",2023-12-20T20:32:07Z
arn:aws:iam::033197602013:role/aws-service-role/compute-optimizer.amazonaws.com/AWSServiceRoleForComputeOptimizer,NON_COMPLIANT,ComputeOptimizerServiceRolePolicy : One or more of the listed actions in the statement with sid: Ec2Access.,2023-12-20T20:32:07Z
arn:aws:iam::017608207428:role/service-role/AWSGlueServiceRole-emr-k2,NON_COMPLIANT,"AWSGlueServiceRole-emr-k2-EZCRC-s3Policy : One or more of the listed actions in the statement with index: 0.
AWSGlueServiceRole : One or more of the listed actions in the statement with index: 2.",2023-12-20T20:32:07Z
arn:aws:iam::033197602013:role/aws-service-role/config-conforms.amazonaws.com/AWSServiceRoleForConfigConforms,NON_COMPLIANT,ConfigConformsServiceRolePolicy : One or more of the listed actions in the statement with index: 8.,2023-12-20T20:32:07Z
arn:aws:iam::017608207428:role/service-role/AWSGlueServiceRole-finalref,NON_COMPLIANT,"AWSGlueServiceRole-finalref-EZCRC-s3Policy : One or more of the listed actions in the statement with index: 0.
AWSGlueServiceRole : One or more of the listed actions in the statement with index: 2.",2023-12-20T20:32:07Z
arn:aws:iam::033197602013:role/aws-service-role/ecs.amazonaws.com/AWSServiceRoleForECS,NON_COMPLIANT,AmazonECSServiceRolePolicy : One or more of the listed actions in the statement with sid: ECSTaskManagement.,2023-12-20T20:32:07Z
arn:aws:iam::017608207428:role/service-role/AWSGlueServiceRole-output,NON_COMPLIANT,"AWSGlueServiceRole-output-EZCRC-s3Policy : One or more of the listed actions in the statement with index: 0.
AWSGlueServiceRole : One or more of the listed actions in the statement with index: 2.",2023-12-20T20:32:07Z
arn:aws:iam::017608207428:role/service-role/AWSGlueServiceRole-rids,NON_COMPLIANT,"AWSGlueServiceRole-rids-EZCRC-s3Policy : One or more of the listed actions in the statement with index: 0.
AWSGlueServiceRole : One or more of the listed actions in the statement with index: 2.",2023-12-20T20:32:07Z
arn:aws:iam::017608207428:role/service-role/AWSGlueServiceRole-uip,NON_COMPLIANT,"AWSGlueServiceRole-uip-EZCRC-s3Policy : One or more of the listed actions in the statement with index: 0.
AWSGlueServiceRole : One or more of the listed actions in the statement with index: 2.",2023-12-20T20:32:07Z
arn:aws:iam::033197602013:role/aws-service-role/trustedadvisor.amazonaws.com/AWSServiceRoleForTrustedAdvisor,NON_COMPLIANT,AWSTrustedAdvisorServiceRolePolicy : One or more of the listed actions in the statement with sid: TrustedAdvisorServiceRolePermissions.,2023-12-20T20:32:07Z
arn:aws:iam::033197602013:role/azmapping-service-role,NON_COMPLIANT,AdministratorAccess : One or more of the listed actions in the statement with index: 0.,2023-12-20T20:32:07Z
arn:aws:iam::033197602013:role/cdk-hnb659fds-cfn-exec-role-033197602013-us-east-1,NON_COMPLIANT,AdministratorAccess : One or more of the listed actions in the statement with index: 0.,2023-12-20T20:32:07Z
arn:aws:iam::033197602013:role/cdk-hnb659fds-deploy-role-033197602013-us-east-1,NON_COMPLIANT,default : One or more of the listed actions in the statement with sid: PipelineCrossAccountArtifactsBucket.,2023-12-20T20:32:07Z
arn:aws:iam::017608207428:role/aws-service-role/malware-protection.guardduty.amazonaws.com/AWSServiceRoleForAmazonGuardDutyMalwareProtection,NON_COMPLIANT,AmazonGuardDutyMalwareProtectionServiceRolePolicy : One or more of the listed actions in the statement with index: 0.,2023-12-20T20:32:07Z
arn:aws:iam::033197602013:role/cdk-hnb659fds-file-publishing-role-033197602013-us-east-1,NON_COMPLIANT,cdk-hnb659fds-file-publishing-role-default-policy-033197602013-us-east-1 : One or more of the listed actions in the statement with index: 0.,2023-12-20T20:32:07Z
arn:aws:iam::017608207428:role/aws-service-role/compute-optimizer.amazonaws.com/AWSServiceRoleForComputeOptimizer,NON_COMPLIANT,ComputeOptimizerServiceRolePolicy : One or more of the listed actions in the statement with sid: Ec2Access.,2023-12-20T20:32:07Z
arn:aws:iam::017608207428:role/aws-service-role/elasticmapreduce.amazonaws.com/AWSServiceRoleForEMRCleanup,NON_COMPLIANT,AmazonEMRCleanupPolicy : One or more of the listed actions in the statement with index: 0.,2023-12-20T20:32:07Z
arn:aws:iam::017608207428:role/aws-service-role/trustedadvisor.amazonaws.com/AWSServiceRoleForTrustedAdvisor,NON_COMPLIANT,AWSTrustedAdvisorServiceRolePolicy : One or more of the listed actions in the statement with sid: TrustedAdvisorServiceRolePermissions.,2023-12-20T20:32:07Z
arn:aws:iam::033197602013:role/EC2CapacityReservationService,NON_COMPLIANT,EC2CapacityReservationService : One or more of the listed actions in the statement with index: 0.,2023-12-20T20:32:07Z
arn:aws:iam::017608207428:role/batman,NON_COMPLIANT,AdministratorAccess : One or more of the listed actions in the statement with index: 0.,2023-12-20T20:32:07Z
arn:aws:iam::033197602013:role/GatedGardenInternalAudit,NON_COMPLIANT,GatedGardenInternalAuditPolicy : One or more of the listed actions in the statement with sid: CreateCodeBuildTrackingInfoBucketIfMissing.,2023-12-20T20:32:07Z
arn:aws:iam::017608207428:role/checkNoAccessPolicyGeneral2023,NON_COMPLIANT,AdministratorAccess : One or more of the listed actions in the statement with index: 0.,2023-12-20T20:32:07Z
arn:aws:iam::033197602013:role/IMDSv2-automigrator,NON_COMPLIANT,IMDSv2-automigrator : One or more of the listed actions in the statement with index: 1.,2023-12-20T20:32:07Z
arn:aws:iam::017608207428:role/delete-listener-neo,NON_COMPLIANT,AdministratorAccess : One or more of the listed actions in the statement with index: 0.,2023-12-20T20:32:07Z
arn:aws:iam::017608207428:role/ec2-admin,NON_COMPLIANT,AdministratorAccess : One or more of the listed actions in the statement with index: 0.,2023-12-20T20:32:07Z
arn:aws:iam::017608207428:role/EC2CapacityReservationService,NON_COMPLIANT,EC2CapacityReservationService : One or more of the listed actions in the statement with index: 0.,2023-12-20T20:32:07Z
arn:aws:iam::033197602013:role/IsengardAuditorRole-DO-NOT-DELETE,NON_COMPLIANT,IsengardAuditorPolicy : One or more of the listed actions in the statement with index: 7.,2023-12-20T20:32:07Z
arn:aws:iam::017608207428:role/emr-crud,NON_COMPLIANT,AdministratorAccess : One or more of the listed actions in the statement with index: 0.,2023-12-20T20:32:07Z
arn:aws:iam::033197602013:role/IsengardRole-DO-NOT-DELETE,NON_COMPLIANT,IsengardControllerPolicy : One or more of the listed actions in the statement with index: 0.,2023-12-20T20:32:07Z
arn:aws:iam::017608207428:role/EMR_DefaultRole,NON_COMPLIANT,AmazonElasticMapReduceRole : One or more of the listed actions in the statement with index: 0.,2023-12-20T20:32:07Z
arn:aws:iam::017608207428:role/EMR_EC2_DefaultRole,NON_COMPLIANT,AmazonElasticMapReduceforEC2Role : One or more of the listed actions in the statement with index: 0.,2023-12-20T20:32:07Z
arn:aws:iam::017608207428:role/GatedGardenInternalAudit,NON_COMPLIANT,GatedGardenInternalAuditPolicy : One or more of the listed actions in the statement with sid: CreateCodeBuildTrackingInfoBucketIfMissing.,2023-12-20T20:32:07Z
arn:aws:iam::017608207428:role/IMDSv2-automigrator,NON_COMPLIANT,IMDSv2-automigrator : One or more of the listed actions in the statement with index: 1.,2023-12-20T20:32:07Z
arn:aws:iam::033197602013:role/policy-general-2023,NON_COMPLIANT,AdministratorAccess : One or more of the listed actions in the statement with index: 0.,2023-12-20T20:32:07Z
arn:aws:iam::017608207428:role/IsengardAuditorRole-DO-NOT-DELETE,NON_COMPLIANT,IsengardAuditorPolicy : One or more of the listed actions in the statement with index: 7.,2023-12-20T20:32:07Z
arn:aws:iam::033197602013:role/policy-general-checkNoAcces-AWSConfigRuleLambdaRole-v9QECJ33nuLm,NON_COMPLIANT,AWSConfigRuleLambdaRolePolicy0 : One or more of the listed actions in the statement with sid: S3BucketAccess.,2023-12-20T20:32:07Z
arn:aws:iam::033197602013:role/ShadowTrooperRole,NON_COMPLIANT,ShadowTrooperPolicy-prod : One or more of the listed actions in the statement with index: 0.,2023-12-20T20:32:07Z
arn:aws:iam::017608207428:role/IsengardRole-DO-NOT-DELETE,NON_COMPLIANT,IsengardControllerPolicy : One or more of the listed actions in the statement with index: 0.,2023-12-20T20:32:07Z
arn:aws:iam::017608207428:role/service-role/lambdacreateslackapp,NON_COMPLIANT,AWSLambdaTestHarnessExecutionRole-35de830e-a699-4185-8da9-6223f55ea8e2 : One or more of the listed actions in the statement with index: 1.,2023-12-20T20:32:07Z
arn:aws:iam::017608207428:role/neo-trinity-srvc,NON_COMPLIANT,AdministratorAccess : One or more of the listed actions in the statement with index: 0.,2023-12-20T20:32:07Z
arn:aws:iam::017608207428:role/pez-assume-role,NON_COMPLIANT,AdministratorAccess : One or more of the listed actions in the statement with index: 0.,2023-12-20T20:32:07Z
arn:aws:iam::017608207428:role/ShadowTrooperRole,NON_COMPLIANT,ShadowTrooperPolicy-prod : One or more of the listed actions in the statement with index: 0.,2023-12-20T20:32:07Z
arn:aws:iam::017608207428:role/showbackpoc,NON_COMPLIANT,AdministratorAccess : One or more of the listed actions in the statement with index: 0.,2023-12-20T20:32:07Z
arn:aws:iam::017608207428:role/slackacct1servicerole,NON_COMPLIANT,AdministratorAccess : One or more of the listed actions in the statement with index: 0.,2023-12-20T20:32:07Z
arn:aws:iam::017608207428:role/us-east-1_oGd5sz49o_Full-access,NON_COMPLIANT,"AdministratorAccess-Amplify : operation error AccessAnalyzer: CheckAccessNotGranted, https response error StatusCode: 400, RequestID: a7e45334-e38a-4935-bd9c-bd793f943062, ValidationException: The size of the policy in policyDocument, excluding whitespace, exceeds the 10000 character maximum for IDENTITY_POLICY.
Full-access-Policy : One or more of the listed actions in the statement with sid: CLISDKCalls.",2023-12-20T20:32:07Z
arn:aws:iam::017608207428:role/us-east-1_oGd5sz49o_Manage-only,NON_COMPLIANT,Amplify-Admin-ManageOnly-Policy : One or more of the listed actions in the statement with sid: S3GetPolicy.,2023-12-20T20:32:07Z
arn:aws:iam::017608207428:role/AccessAnalyzerTrustedService,COMPLIANT,,2023-12-20T20:32:07Z
arn:aws:iam::017608207428:role/service-role/adobe_nfl_test-role-8ayzo5k1,COMPLIANT,,2023-12-20T20:32:07Z
arn:aws:iam::033197602013:role/AccessAnalyzerTrustedService,COMPLIANT,,2023-12-20T20:32:07Z
arn:aws:iam::033197602013:role/AVMContainersUserRole,COMPLIANT,,2023-12-20T20:32:07Z
arn:aws:iam::033197602013:role/service-role/aws-config-aggregator-role,COMPLIANT,,2023-12-20T20:32:07Z
arn:aws:iam::033197602013:role/aws-controltower-CloudWatchLogsRole,COMPLIANT,,2023-12-20T20:32:07Z
arn:aws:iam::017608207428:role/service-role/AmazonSageMakerServiceCatalogProductsApiGatewayRole,COMPLIANT,,2023-12-20T20:32:07Z
arn:aws:iam::017608207428:role/service-role/AmazonSageMakerServiceCatalogProductsCloudformationRole,COMPLIANT,,2023-12-20T20:32:07Z
arn:aws:iam::033197602013:role/aws-controltower-ForwardSnsNotificationRole,COMPLIANT,,2023-12-20T20:32:07Z
arn:aws:iam::017608207428:role/service-role/AmazonSageMakerServiceCatalogProductsEventsRole,COMPLIANT,,2023-12-20T20:32:07Z
arn:aws:iam::033197602013:role/aws-perspective-033197602-CleanupBucketFunctionRol-15G8YA613O3JI,COMPLIANT,,2023-12-20T20:32:07Z
arn:aws:iam::017608207428:role/service-role/AmazonSageMakerServiceCatalogProductsFirehoseRole,COMPLIANT,,2023-12-20T20:32:07Z
arn:aws:iam::033197602013:role/aws-perspective-033197602013-us-e-SearchLambdaRole-1OA4B5JUI3V53,COMPLIANT,,2023-12-20T20:32:07Z
arn:aws:iam::033197602013:role/aws-perspective-033197602013-us-east-1-FlowLogRole-TOAUT2L70QR2,COMPLIANT,,2023-12-20T20:32:07Z
arn:aws:iam::033197602013:role/aws-perspective-033197602013-us-LambdaFunctionRole-10EO55KNDE247,COMPLIANT,,2023-12-20T20:32:07Z
arn:aws:iam::033197602013:role/aws-perspective-2021-ApiGatewayCloudWatchLogsRole-KKJAFJ7CGL0R,COMPLIANT,,2023-12-20T20:32:07Z
arn:aws:iam::033197602013:role/aws-perspective-solution-ApiGatewayCloudWatchLogs-1KH6MVXL175GD,COMPLIANT,,2023-12-20T20:32:07Z
arn:aws:iam::017608207428:role/amplify-login-lambda-d1211373,COMPLIANT,,2023-12-20T20:32:07Z
arn:aws:iam::033197602013:role/AWSCloudFormationStackSetAdministrationRole,COMPLIANT,,2023-12-20T20:32:07Z
arn:aws:iam::017608207428:role/AVMContainersUserRole,COMPLIANT,,2023-12-20T20:32:07Z
arn:aws:iam::033197602013:role/AwsSecurityNacundaAudit,COMPLIANT,,2023-12-20T20:32:07Z
arn:aws:iam::033197602013:role/aws-service-role/access-analyzer.amazonaws.com/AWSServiceRoleForAccessAnalyzer,COMPLIANT,,2023-12-20T20:32:07Z
arn:aws:iam::033197602013:role/aws-service-role/es.amazonaws.com/AWSServiceRoleForAmazonElasticsearchService,COMPLIANT,,2023-12-20T20:32:07Z
arn:aws:iam::033197602013:role/aws-service-role/ops.apigateway.amazonaws.com/AWSServiceRoleForAPIGateway,COMPLIANT,,2023-12-20T20:32:07Z
arn:aws:iam::033197602013:role/aws-service-role/logger.cloudfront.amazonaws.com/AWSServiceRoleForCloudFrontLogger,COMPLIANT,,2023-12-20T20:32:07Z
arn:aws:iam::033197602013:role/aws-service-role/isengard.aws.internal/AWSServiceRoleForIsengardControllerRoleInternal,COMPLIANT,,2023-12-20T20:32:07Z
arn:aws:iam::033197602013:role/aws-service-role/organizations.amazonaws.com/AWSServiceRoleForOrganizations,COMPLIANT,,2023-12-20T20:32:07Z
arn:aws:iam::033197602013:role/aws-service-role/rds.amazonaws.com/AWSServiceRoleForRDS,COMPLIANT,,2023-12-20T20:32:07Z
arn:aws:iam::033197602013:role/aws-service-role/sso.amazonaws.com/AWSServiceRoleForSSO,COMPLIANT,,2023-12-20T20:32:07Z
arn:aws:iam::017608207428:role/AwsSecurityNacundaAudit,COMPLIANT,,2023-12-20T20:32:07Z
arn:aws:iam::017608207428:role/aws-service-role/sagemaker.amazonaws.com/AWSServiceRoleForAmazonSageMakerNotebooks,COMPLIANT,,2023-12-20T20:32:07Z
arn:aws:iam::033197602013:role/cdk-hnb659fds-image-publishing-role-033197602013-us-east-1,COMPLIANT,,2023-12-20T20:32:07Z
arn:aws:iam::017608207428:role/aws-service-role/ops.apigateway.amazonaws.com/AWSServiceRoleForAPIGateway,COMPLIANT,,2023-12-20T20:32:07Z
arn:aws:iam::017608207428:role/aws-service-role/dynamodb.application-autoscaling.amazonaws.com/AWSServiceRoleForApplicationAutoScaling_DynamoDBTable,COMPLIANT,,2023-12-20T20:32:07Z
arn:aws:iam::033197602013:role/CodeGuruProfilerForwardToAmazonProfiler,COMPLIANT,,2023-12-20T20:32:07Z
arn:aws:iam::033197602013:role/service-role/CognitoAccessForAmazonES,COMPLIANT,,2023-12-20T20:32:07Z
arn:aws:iam::033197602013:role/Cognito_testAuth_Role,COMPLIANT,,2023-12-20T20:32:07Z
arn:aws:iam::033197602013:role/Cognito_testUnauth_Role,COMPLIANT,,2023-12-20T20:32:07Z
arn:aws:iam::017608207428:role/aws-service-role/isengard.aws.internal/AWSServiceRoleForIsengardControllerRoleInternal,COMPLIANT,,2023-12-20T20:32:07Z
arn:aws:iam::033197602013:role/service-role/config_test-role-udhj5qu3,COMPLIANT,,2023-12-20T20:32:07Z
arn:aws:iam::033197602013:role/CT-VPCFlowLog-LambdaRole,COMPLIANT,,2023-12-20T20:32:07Z
arn:aws:iam::033197602013:role/service-role/custom_config_rule-role-x6hpl357,COMPLIANT,,2023-12-20T20:32:07Z
arn:aws:iam::033197602013:role/DiscoveryAnalyzerTrustedService-DO-NOT-DELETE,COMPLIANT,,2023-12-20T20:32:07Z
arn:aws:iam::033197602013:role/GatedGardenAudit,COMPLIANT,,2023-12-20T20:32:07Z
arn:aws:iam::017608207428:role/batman-logs,COMPLIANT,,2023-12-20T20:32:07Z
arn:aws:iam::017608207428:role/CodeGuruProfilerForwardToAmazonProfiler,COMPLIANT,,2023-12-20T20:32:07Z
arn:aws:iam::033197602013:role/InspectorEnablementRole,COMPLIANT,,2023-12-20T20:32:07Z
arn:aws:iam::017608207428:role/DiscoveryAnalyzerTrustedService-DO-NOT-DELETE,COMPLIANT,,2023-12-20T20:32:07Z
arn:aws:iam::033197602013:role/IsengardCloudTrailRole,COMPLIANT,,2023-12-20T20:32:07Z
arn:aws:iam::017608207428:role/EMR_AutoScaling_DefaultRole,COMPLIANT,,2023-12-20T20:32:07Z
arn:aws:iam::033197602013:role/IsengardConfigRole,COMPLIANT,,2023-12-20T20:32:07Z
arn:aws:iam::033197602013:role/IsengardRoleForDependencyAssuranceIamAnalyzer,COMPLIANT,,2023-12-20T20:32:07Z
arn:aws:iam::033197602013:role/IsengardRoleForOptInComputeOptimizer,COMPLIANT,,2023-12-20T20:32:07Z
arn:aws:iam::017608207428:role/GatedGardenAudit,COMPLIANT,,2023-12-20T20:32:07Z
arn:aws:iam::033197602013:role/kiddie-corner-KiddieCornerFunctionRole-2nqAcHxgqKFa,COMPLIANT,,2023-12-20T20:32:07Z
arn:aws:iam::033197602013:role/OrthancRole,COMPLIANT,,2023-12-20T20:32:07Z
arn:aws:iam::033197602013:role/service-role/perspectiveuseast1userpool-SMS-Role,COMPLIANT,,2023-12-20T20:32:07Z
arn:aws:iam::017608207428:role/IsengardCloudTrailRole,COMPLIANT,,2023-12-20T20:32:07Z
arn:aws:iam::033197602013:role/ResourceConfigurationCollector-DO-NOT-DELETE,COMPLIANT,,2023-12-20T20:32:07Z
arn:aws:iam::017608207428:role/IsengardConfigRole,COMPLIANT,,2023-12-20T20:32:07Z
arn:aws:iam::017608207428:role/IsengardRoleForDependencyAssuranceIamAnalyzer,COMPLIANT,,2023-12-20T20:32:07Z
arn:aws:iam::017608207428:role/IsengardRoleForOptInComputeOptimizer,COMPLIANT,,2023-12-20T20:32:07Z
arn:aws:iam::017608207428:role/OrthancRole,COMPLIANT,,2023-12-20T20:32:07Z
arn:aws:iam::017608207428:role/ResourceConfigurationCollector-DO-NOT-DELETE,COMPLIANT,,2023-12-20T20:32:07Z
arn:aws:iam::017608207428:role/service-role/test-role-fyassi4z,COMPLIANT,,2023-12-20T20:32:07Z
arn:aws:iam::017608207428:role/service-role/testlambda-role-8dvtql2w,COMPLIANT,,2023-12-20T20:32:07Z
